{
    "rmse": 0.6679737343547265,
    "mae": 0.5399466216272428,
    "r2": 0.24122321079015874
}